name,career_length,ppg,trb,ast,per,ws,hof_pred_log,hof_pred_log_proba
LeBron James,15,27.2,7.4,7.2,27.6,226.6,1,0.9999956719830104
Tim Duncan,18,19.0,10.8,3.0,24.2,206.4,1,0.9995817998320323
Chris Paul,13,18.5,4.5,9.7,25.3,171.5,1,0.999563369540117
Dirk Nowitzki,20,20.7,7.5,2.4,22.4,206.3,1,0.9984459000756171
Kevin Durant,11,27.0,7.1,4.1,25.2,141.7,1,0.998005606135609
Kevin Garnett,20,17.8,10.0,3.7,22.7,191.4,1,0.9968375281671032
James Harden,9,24.3,5.2,6.2,24.4,121.9,1,0.9954176567889315
Kobe Bryant,19,25.0,5.2,4.7,22.9,172.7,1,0.9939047178361705
Russell Westbrook,10,23.0,7.0,8.4,23.7,96.9,1,0.9812446981955676
Stephen Curry,9,23.5,4.5,6.6,23.8,102.9,1,0.9770953019505206
Dwight Howard,14,17.4,12.6,1.5,21.6,128.9,1,0.9549807965523578
Pau Gasol,17,17.0,9.2,3.2,21.4,144.1,1,0.9437810976826815
Paul Pierce,18,19.7,5.6,3.5,19.7,150.0,1,0.9430751332728989
Damian Lillard,6,23.5,4.2,6.3,21.4,70.3,1,0.9199033463695052
Blake Griffin,8,21.9,9.0,4.5,22.2,75.3,1,0.8924946257766078
Dwyane Wade,15,22.0,4.7,5.4,23.5,120.7,1,0.8922651028101168
Anthony Davis,6,23.7,10.5,2.1,27.4,72.0,1,0.8741339284807178
LaMarcus Aldridge,12,19.6,8.4,2.0,20.9,107.0,1,0.856080548441177
Chris Bosh,12,19.2,8.5,2.0,20.6,106.0,1,0.8442135004722708
Karl-Anthony Towns,3,22.3,11.9,2.6,25.0,45.4,1,0.8229584203055805
Giannis Antetokounmpo,5,18.8,8.3,4.1,21.9,53.2,1,0.6897265854412659
Carmelo Anthony,15,24.0,6.5,3.0,20.3,101.0,1,0.68098984442893
Ben Simmons,1,16.4,8.5,7.9,20.0,17.5,1,0.6743688040704484
Kevin Love,10,18.3,11.3,2.3,21.9,78.2,1,0.6706918502939441
Deron Williams,11,16.3,3.1,8.1,18.2,77.3,1,0.6109111071496144
Kyrie Irving,7,22.2,3.6,5.7,22.1,58.4,1,0.6060664488779359
Nikola Jokic,3,16.3,9.6,5.1,24.8,38.9,1,0.5959571221457649
Paul George,8,19.8,6.4,3.3,19.2,65.2,1,0.567749852887074
Marc Gasol,10,15.0,7.7,3.4,18.5,79.5,1,0.5512449038205954
Al Horford,11,14.1,8.4,3.2,18.9,85.7,1,0.5470557501951424
Joel Embiid,2,24.3,11.4,3.2,24.5,16.8,1,0.5279668454582804
Andre Drummond,6,14.1,13.7,1.2,22.1,56.4,1,0.5126448274651183
Kyle Lowry,12,14.4,4.3,6.1,18.4,86.7,1,0.5101438930532712
John Wall,8,19.0,4.3,9.2,19.4,44.3,0,0.4976670421400644
Jimmy Butler,7,16.7,4.9,3.5,20.0,66.1,0,0.4749964876161497
Elton Brand,16,15.9,8.5,2.1,20.5,109.6,0,0.454435349245294
Luka Doncic,1,21.2,7.8,6.0,19.6,4.9,0,0.4327961818088287
Kawhi Leonard,7,17.7,6.3,2.4,22.6,65.8,0,0.4255642414989695
Tony Parker,17,15.5,2.7,5.6,18.2,111.3,0,0.40786846331827886
Amar'e Stoudemire,13,18.9,7.8,1.2,21.8,92.5,0,0.3943892225475025
Kemba Walker,7,19.8,3.8,5.5,19.3,48.5,0,0.37813329231685056
Andre Iguodala,14,12.1,5.1,4.4,15.7,96.4,0,0.37559878239109495
DeAndre Jordan,10,9.6,10.9,0.9,18.5,83.4,0,0.3734864469085801
Paul Millsap,12,14.1,7.4,2.3,19.0,88.2,0,0.3615060720122535
DeMarcus Cousins,8,21.2,10.9,3.2,22.4,44.1,0,0.36032861749600154
Trae Young,1,19.1,3.7,8.1,17.0,3.3,0,0.33980947254529975
Andre Miller,16,12.5,3.7,6.5,17.4,100.8,0,0.33507017988167853
Vince Carter,20,17.2,4.4,3.2,18.8,125.5,0,0.3316623309539576
DeMar DeRozan,9,19.9,4.3,3.4,17.9,60.3,0,0.30540664650753857
Rudy Gobert,5,11.1,10.5,1.3,21.5,52.8,0,0.28149620120079727
Manu Ginobili,15,13.3,3.5,3.8,20.2,106.4,0,0.2781524632490466
David Lee,11,13.5,8.8,2.2,19.1,76.0,0,0.274215661067206
Donovan Mitchell,1,22.1,3.9,3.9,16.9,10.2,0,0.26844633767255316
Mike Conley,11,14.9,3.0,5.7,17.7,71.4,0,0.2581524302324507
Draymond Green,6,9.1,6.9,4.9,15.3,43.3,0,0.20377013467912458
Bradley Beal,6,19.8,3.9,3.7,17.1,36.4,0,0.19325890895091274
Isaiah Thomas,7,18.6,2.5,5.1,20.3,45.3,0,0.18414471401591112
Nikola Vucevic,7,15.7,10.1,2.4,20.3,41.7,0,0.18338397927475078
Klay Thompson,7,19.5,3.5,2.3,16.4,46.8,0,0.17511591442678628
Lonzo Ball,1,10.0,6.2,6.4,12.2,3.5,0,0.1580551830607765
Rajon Rondo,12,10.4,4.8,8.5,16.2,58.4,0,0.14888397132024694
Devin Booker,3,21.4,3.5,4.2,16.1,9.8,0,0.13187425556102758
David West,14,13.6,6.4,2.2,18.6,85.9,0,0.1317194548930518
Kyle Kuzma,1,17.3,5.9,2.2,14.1,7.0,0,0.13019815050549494
Donte Grantham,1,0.0,0.0,0.0,-38.1,0.0,0,0.1300875468298295
De'Aaron Fox,1,14.6,3.3,5.9,15.1,5.0,0,0.12819616171956522
Serge Ibaka,9,12.3,7.3,0.7,17.2,63.9,0,0.12216592498383459
Deandre Ayton,1,16.3,10.3,1.8,20.5,5.8,0,0.12010807793399504
Ricky Rubio,7,11.1,4.2,7.7,15.8,32.2,0,0.11519116006944638
Ty Lawson,7,12.7,2.7,6.0,17.2,42.1,0,0.11501773839583392
Brook Lopez,10,17.3,6.5,1.5,19.9,60.1,0,0.11324197517096544
Victor Oladipo,5,17.5,4.6,4.0,16.7,24.2,0,0.1110756049474343
Lauri Markkanen,1,16.7,8.2,1.3,16.3,6.1,0,0.10911015619557121
Julius Randle,4,15.4,8.9,2.7,17.7,17.8,0,0.10689224445493435
Greg Monroe,8,13.2,8.3,2.1,20.1,49.7,0,0.10357769496825574
Gordon Hayward,8,15.1,4.2,3.4,17.5,47.9,0,0.10124253410012996
Joe Johnson,16,16.0,4.0,3.9,15.4,82.8,0,0.10102762624346041
Jayson Tatum,1,14.8,5.5,1.9,15.2,12.0,0,0.09839816654591552
Zach Randolph,16,16.6,9.1,1.8,19.3,81.1,0,0.09787528897430706
Jrue Holiday,9,15.6,3.8,6.4,16.9,39.1,0,0.09776991538805017
Jonas Valanciunas,6,12.1,8.5,0.8,19.9,45.3,0,0.09564253923238278
John Collins,1,14.6,8.4,1.6,20.1,11.4,0,0.09372269180708671
Kristaps Porzingis,2,17.8,7.1,1.3,18.3,12.1,0,0.09077466829194296
Tyson Chandler,17,8.4,9.2,0.8,16.2,101.5,0,0.08842954913201034
Al Jefferson,13,15.7,8.4,1.5,20.6,71.0,0,0.08813691162783052
Luol Deng,14,14.8,6.1,2.3,15.4,74.0,0,0.08722532487572608
Jason Terry,18,13.4,2.3,3.8,16.2,102.0,0,0.08401341681860504
Nicolas Batum,10,11.8,5.3,3.8,14.9,54.1,0,0.08312401288760447
Dennis Smith,1,14.5,3.4,5.0,12.6,-0.7,0,0.08163395591506631
Tobias Harris,7,15.4,6.0,1.9,16.7,39.4,0,0.08031401165780198
Khris Middleton,6,15.7,4.4,3.2,15.7,31.0,0,0.0789280917330455
Joakim Noah,11,8.8,9.1,2.8,17.6,61.8,0,0.07808026626538354
Jeff Teague,9,12.7,2.5,5.8,17.1,48.3,0,0.0777538976488312
CJ McCollum,5,17.8,3.1,2.9,17.2,27.9,0,0.07606062060703155
Darren Collison,9,12.5,2.7,5.0,16.2,49.9,0,0.07495392202049361
Jamal Murray,2,14.8,3.5,3.4,15.0,12.0,0,0.0731340003926297
D'Angelo Russell,3,16.5,3.7,5.1,16.0,6.6,0,0.06995625027246563
Elfrid Payton,4,11.1,4.4,6.6,15.2,13.3,0,0.06952257485493292
Steven Adams,5,9.7,7.4,1.0,16.7,38.7,0,0.0690559331482538
Clint Capela,4,12.0,9.2,0.9,22.2,31.4,0,0.06854622464320026
Dario Saric,2,12.7,6.2,2.1,14.0,11.2,0,0.06349048472714831
Andrew Wiggins,4,19.4,4.3,2.2,14.5,13.0,0,0.06215548797028764
Goran Dragic,10,13.7,3.1,4.8,17.1,51.0,0,0.06201605540259338
George Hill,10,11.2,3.1,3.2,14.9,59.9,0,0.06137254289392604
Kevin Martin,11,17.4,3.2,1.9,17.7,61.3,0,0.0613722964520344
Derrick Rose,10,18.8,3.5,5.6,18.1,37.2,0,0.06102873757882392
Myles Turner,3,12.9,6.7,1.2,17.4,22.1,0,0.06022549820830424
Malcolm Brogdon,2,12.8,3.5,3.6,15.7,13.4,0,0.05947092653211933
Collin Sexton,1,16.7,2.9,3.0,12.0,-0.6,0,0.058024347175596555
Thaddeus Young,11,13.4,6.0,1.7,16.4,59.7,0,0.05601362183409661
Rudy Gay,12,17.6,5.9,2.2,16.8,54.9,0,0.05580062948318886
Brandon Ingram,2,13.9,4.7,2.9,11.7,4.5,0,0.05452031124628838
Eric Bledsoe,8,14.1,3.9,4.8,18.1,37.0,0,0.05316326039140734
Bogdan Bogdanovic,1,12.9,3.1,3.5,13.8,5.6,0,0.05293457610653441
Derrick Favors,8,11.6,7.2,1.1,18.9,49.5,0,0.05203300168886728
Danilo Gallinari,10,15.9,4.9,2.0,16.9,50.4,0,0.05000148080891607
Tristan Thompson,7,9.2,8.6,0.9,15.4,40.0,0,0.045630209926033484
Domantas Sabonis,2,10.4,6.8,1.9,15.8,13.1,0,0.045583639564681366
Wesley Matthews,9,13.7,3.1,2.2,13.3,47.8,0,0.044964180527169134
Monta Ellis,11,17.8,3.5,4.6,16.0,41.9,0,0.04490402823904615
Brandon Jennings,8,14.1,3.0,5.7,15.7,29.9,0,0.043389013923017174
Buddy Hield,2,14.9,4.0,2.0,15.4,10.0,0,0.04317177064999171
Aaron Gordon,4,12.5,6.2,2.2,15.3,18.0,0,0.042786948326218495
Josh Richardson,3,12.1,3.2,2.9,12.8,15.7,0,0.04273269340132131
Marvin Bagley,1,14.9,7.6,1.0,18.9,3.6,0,0.04265654837987294
Marcin Gortat,11,9.9,7.9,1.1,17.1,61.3,0,0.041923288104785766
Harrison Barnes,6,13.6,4.9,1.5,13.3,29.7,0,0.041851158054244615
Luis Scola,9,12.0,6.7,1.6,16.3,45.7,0,0.03819743187464715
Pascal Siakam,2,10.1,5.1,2.0,16.1,15.5,0,0.03650523899386479
Richard Jefferson,16,12.6,4.0,2.0,14.4,83.0,0,0.036236048271754764
Kenneth Faried,7,11.4,8.1,1.0,19.7,38.8,0,0.03541223226180857
Jarrett Allen,1,9.6,7.0,1.0,18.1,11.9,0,0.03348219842190177
Mason Plumlee,5,8.5,6.3,2.2,17.8,31.0,0,0.03320341396284016
Bam Adebayo,1,8.0,6.5,1.9,17.0,11.0,0,0.03276087011163751
Otto Porter,5,11.0,5.0,1.5,15.6,29.1,0,0.03190664794758358
Hassan Whiteside,8,13.4,11.4,0.6,24.1,36.8,0,0.03175224418769928
Joe Ingles,4,8.0,3.1,3.4,12.5,23.1,0,0.031660466989991205
Marcus Smart,4,9.3,3.5,3.9,11.8,16.2,0,0.03137402447128064
Enes Kanter,7,11.9,7.6,0.8,20.6,39.6,0,0.03129144424568325
Kevin Knox,1,12.8,4.5,1.1,8.7,-1.3,0,0.031125130849067276
Jabari Parker,4,15.1,5.7,2.1,16.2,11.6,0,0.031117804551724693
Nikola Mirotic,4,12.3,5.9,1.3,16.7,20.8,0,0.03111148812771381
Taj Gibson,9,9.8,6.4,1.0,15.5,49.8,0,0.030875820910329446
Zach LaVine,4,16.1,3.4,3.5,14.8,8.0,0,0.030817221977107963
Tyreke Evans,9,15.7,4.6,4.8,17.1,28.4,0,0.03025156721008138
Wendell Carter,1,10.3,7.0,1.8,15.2,1.9,0,0.02998587440422394
Willie Cauley-Stein,3,10.1,6.4,1.6,17.0,17.4,0,0.029951169739666904
Kirk Hinrich,12,10.9,2.9,4.8,12.8,52.5,0,0.02985525629908031
Jusuf Nurkic,4,11.6,8.0,1.9,19.1,16.4,0,0.029656010450076844
Josh Smith,13,14.5,7.4,3.1,17.4,51.0,0,0.02957696009285839
Reggie Jackson,7,12.9,3.0,4.4,16.1,28.2,0,0.029217141244381087
Caris LeVert,2,11.1,3.6,3.4,13.8,5.8,0,0.029189580572992774
Shai Gilgeous-Alexander,1,10.8,2.8,3.3,13.4,3.3,0,0.02899274090099034
Kevin Huerter,1,9.7,3.3,2.9,10.1,1.5,0,0.0288171509833717
Chandler Parsons,7,12.8,4.5,2.8,14.7,29.0,0,0.028626071590383707
Jared Sullinger,4,10.8,7.5,1.8,16.2,15.3,0,0.027925776532428996
Josh Jackson,1,12.3,4.5,1.9,11.2,-2.4,0,0.02666639432596294
Tayshaun Prince,13,11.1,4.3,2.4,13.7,63.1,0,0.026219641328317535
Xavier Rathan-Mayes,1,5.8,1.0,3.6,0.9,-0.4,0,0.026123340680147718
Justise Winslow,3,8.9,5.3,2.7,10.5,7.8,0,0.02568485266206179
Bojan Bogdanovic,4,13.3,3.4,1.4,13.4,18.4,0,0.02547915759678473
Patrick Beverley,6,9.0,4.3,3.5,12.5,24.8,0,0.025391738310945166
Jaren Jackson,1,13.8,4.7,1.1,16.4,3.3,0,0.02492892730290735
Spencer Dinwiddie,4,11.0,2.6,4.5,14.7,13.5,0,0.024900781429686554
Kentavious Caldwell-Pope,5,11.9,3.3,1.6,12.1,23.8,0,0.02484335583659623
Dennis Schroder,5,13.4,2.7,4.6,14.8,13.1,0,0.02475224194296288
Robert Covington,5,12.7,5.5,1.6,13.5,17.8,0,0.02458442484517258
Monte Morris,1,10.1,2.3,3.6,16.4,6.4,0,0.024134622203073133
Milos Teodosic,1,8.0,2.4,4.0,11.0,1.3,0,0.023411940904658125
Denzel Valentine,1,8.0,4.1,2.3,10.6,3.1,0,0.022989832228079144
Jaylen Brown,2,11.2,4.0,1.3,12.8,9.0,0,0.022801419918636223
Kris Dunn,2,8.6,3.3,4.4,11.8,1.6,0,0.022553414696498072
Taurean Waller-Prince,2,11.4,3.8,2.0,12.0,4.6,0,0.02186846748056856
Aaron Jackson,1,8.0,3.0,1.0,2.4,0.0,0,0.02122966319495197
T.J. McConnell,3,6.4,2.9,4.7,13.5,12.4,0,0.021088489978649084
Jemerrio Jones,1,4.5,8.2,2.2,12.1,0.2,0,0.02104962470214739
Jose Calderon,13,8.9,2.4,5.8,15.8,58.3,0,0.0210414468718382
Kelly Olynyk,5,9.9,4.9,1.9,15.8,24.9,0,0.02103917183202816
Markelle Fultz,1,7.7,3.4,3.4,11.2,0.5,0,0.020837689919139594
Jordan Clarkson,4,14.7,3.2,2.7,15.3,10.5,0,0.020836631475352495
Rodney Hood,4,12.6,2.8,1.9,13.2,16.0,0,0.019943612547894323
Jalen Brunson,1,9.3,2.3,3.2,12.8,2.6,0,0.019867886176668934
Marvin Williams,13,10.5,5.3,1.3,13.7,62.7,0,0.01979688427054623
Rondae Hollis-Jefferson,3,9.9,5.9,2.0,14.6,9.1,0,0.01975025620515854
Derrick White,1,8.5,3.3,3.2,14.9,4.1,0,0.019704673381109497
Larry Nance,3,7.7,6.5,1.7,17.1,16.4,0,0.019669846083685286
Ben Bentil,1,0.0,0.7,0.0,-17.6,-0.1,0,0.019620752841851948
Tomas Satoransky,2,6.6,2.8,3.7,13.7,10.3,0,0.01894695198438663
Gary Harris,4,12.4,2.6,2.1,13.7,16.0,0,0.018778823502983905
Josh Hart,1,7.9,3.9,1.3,10.6,5.5,0,0.01869110043973539
Dillon Brooks,1,10.3,2.9,1.5,9.6,1.2,0,0.01866616003596058
Emmanuel Mudiay,3,11.8,3.1,4.2,11.6,-1.2,0,0.018405493839616167
Allonzo Trier,1,10.9,3.1,1.9,12.2,0.9,0,0.018365296400629946
Tyler Johnson,4,11.0,3.3,2.5,13.8,15.0,0,0.01826006224474063
Jonathan Isaac,1,8.5,5.0,1.0,12.3,4.2,0,0.017913234398189478
Mikal Bridges,1,8.3,3.2,2.1,10.8,2.9,0,0.017861582464112902
J.J. Redick,12,12.9,2.0,2.0,15.0,58.9,0,0.017461164337020166
Roy Hibbert,8,10.0,6.3,1.3,15.5,35.9,0,0.017240915959558827
Mike James,1,9.3,2.5,3.5,13.9,0.2,0,0.016940830559369468
Cedi Osman,1,9.0,3.5,1.7,11.4,2.4,0,0.016853247603259916
Lou Williams,13,14.2,2.2,3.3,18.5,59.4,0,0.01684123179693137
Ryan Anderson,10,12.4,5.3,0.9,16.5,46.7,0,0.01678898015877908
O.J. Mayo,7,13.8,3.1,2.9,13.4,21.8,0,0.016558001586503866
Fred VanVleet,2,8.3,2.2,3.3,14.4,9.2,0,0.016284509258274574
Evan Fournier,6,13.5,2.8,2.5,13.3,19.4,0,0.016198916881390593
Gorgui Dieng,5,8.0,6.2,1.4,16.1,24.4,0,0.01617275660372107
Jae Crowder,6,9.5,3.9,1.4,13.0,28.7,0,0.016064352844456457
Caron Butler,13,14.1,5.0,2.3,15.0,50.9,0,0.015926506534424463
Cody Zeller,5,8.2,5.8,1.4,15.5,24.1,0,0.01589820390109235
Duje Dukan,1,6.0,4.0,1.0,4.2,0.0,0,0.015868227148778
Kenrich Williams,1,6.1,4.8,1.8,9.7,1.2,0,0.01569620475479741
T.J. Warren,4,14.4,4.1,1.1,16.2,13.0,0,0.015635919024865094
Luke Kennard,1,8.6,2.6,1.8,12.0,5.1,0,0.01562753725909876
Eric Gordon,10,16.7,2.5,2.9,14.5,33.6,0,0.015564281194004935
Marcus Morris,7,11.5,4.6,1.5,13.2,26.8,0,0.014988966629496257
Nene Hilario,16,11.3,6.0,1.8,17.1,73.3,0,0.014938467626492898
Nikola Pekovic,5,12.6,6.7,0.7,18.6,18.8,0,0.014834742411773844
Michael Carter-Williams,5,10.9,4.5,4.6,13.7,5.2,0,0.014638807960583453
Yogi Ferrell,2,8.6,2.4,2.6,12.2,6.8,0,0.014612124285271966
Jameer Nelson,13,11.3,3.0,5.1,14.4,48.3,0,0.014563930669147636
Walt Lemon,1,9.4,2.6,3.2,14.7,0.0,0,0.014399749009581516
Frank Ntilikina,1,5.9,2.2,3.1,6.7,-1.8,0,0.014330713531921115
Frank Kaminsky,3,9.8,4.0,1.6,13.7,11.0,0,0.014281804548665827
Markieff Morris,7,11.6,5.5,1.7,14.1,23.7,0,0.014131817426485048
Andrew Bogut,13,9.6,8.7,2.2,16.4,50.6,0,0.014106441438942529
Trevor Ariza,14,10.7,4.8,2.2,13.3,60.0,0,0.01387810602130941
Isaiah Whitehead,1,7.2,2.4,2.4,7.9,-0.9,0,0.013837247150606517
Montrezl Harrell,3,11.2,4.4,1.2,22.1,19.2,0,0.013763970477916342
Bobby Portis,3,10.2,6.2,1.1,16.5,9.0,0,0.013298354888944845
Ryan Arcidiacono,1,5.6,2.3,2.9,11.0,4.0,0,0.013258640648682977
Dejounte Murray,1,6.6,4.2,2.3,14.2,3.2,0,0.013004890319829644
Mo Williams,12,13.2,2.8,4.9,15.0,40.0,0,0.012939642271862622
D.J. Augustin,10,9.8,1.9,4.0,14.2,41.9,0,0.012915895748877828
Royce O'Neale,1,5.1,3.5,1.5,9.7,5.6,0,0.012862193024418992
Jerami Grant,4,8.8,3.9,1.0,12.6,18.2,0,0.012802156888075634
Josh Gray,1,6.4,2.0,2.4,7.2,-0.2,0,0.012650375392221306
Ed Davis,8,6.5,6.8,0.8,16.7,41.3,0,0.012489912059500504
Nerlens Noel,4,8.2,6.5,1.2,16.9,16.6,0,0.012399961820608358
Landry Shamet,1,9.1,1.7,1.5,11.0,3.6,0,0.012357318634207306
Damyean Dotson,1,8.2,3.0,1.4,10.9,2.1,0,0.012309322789129079
Rodions Kurucs,1,8.5,3.9,0.8,11.0,1.6,0,0.012218140759080903
Tim Hardaway,5,13.1,2.6,1.8,13.5,15.1,0,0.011984869796799788
Terry Rozier,3,7.7,3.6,2.3,12.8,9.9,0,0.011851494929655771
De'Anthony Melton,1,5.0,2.7,3.2,9.9,0.0,0,0.01183814807095235
JaMychal Green,4,8.4,6.1,0.9,14.1,14.2,0,0.011693415506668114
Brandon Knight,7,14.5,3.2,4.0,13.9,11.6,0,0.011581887259817479
Kyle Korver,15,9.9,3.0,1.7,12.8,70.9,0,0.011548867519274184
Malcolm Delaney,1,5.7,1.8,2.8,8.9,1.1,0,0.011506372849279323
Josh Okogie,1,7.7,2.9,1.2,9.4,1.2,0,0.011275101578832315
Boris Diaw,13,8.6,4.4,3.5,12.9,51.6,0,0.011274058450112267
Mike Dunleavy,14,11.2,4.3,2.2,13.9,58.5,0,0.011235705083030503
Jeff Green,11,13.2,4.5,1.6,13.3,40.2,0,0.01119108710477198
Tyler Ulis,2,7.5,1.7,4.0,11.3,0.5,0,0.011181056560146369
Rodney McGruder,2,6.7,3.2,1.6,9.4,5.6,0,0.011058275153452618
Jeremy Lin,8,11.6,2.8,4.3,15.3,23.5,0,0.010877764984590421
Miles Bridges,1,7.5,4.0,1.2,13.1,2.9,0,0.010844720410864735
Rodney Stuckey,9,12.6,2.9,3.6,14.9,28.7,0,0.010808944876026077
Evan Turner,8,9.9,4.7,3.5,12.0,20.5,0,0.0105805648950626
Justin Jackson,1,7.0,2.7,1.1,10.3,3.9,0,0.010514811641706803
Thomas Bryant,1,9.0,5.4,1.1,20.5,5.6,0,0.01047704938911939
Nemanja Bjelica,3,7.1,4.4,1.5,12.9,10.7,0,0.010298805385433435
Jason Thompson,7,8.9,6.6,1.1,13.5,23.8,0,0.010142095677170783
Elie Okobo,1,5.7,1.8,2.4,7.6,-0.5,0,0.010110631374508914
Andrew Harrison,2,7.0,2.0,2.8,10.3,3.2,0,0.010076604516136324
Michael Kidd-Gilchrist,6,8.8,5.6,1.2,13.7,21.2,0,0.009934009603915836
Emeka Okafor,13,12.0,9.7,0.8,17.0,45.3,0,0.009920944937051908
Isaiah Taylor,1,6.3,1.4,2.9,10.4,0.6,0,0.009877414670631308
Danny Green,9,9.0,3.5,1.6,13.2,39.2,0,0.009601781173718798
Maxi Kleber,1,6.1,3.9,0.8,13.2,6.3,0,0.009570812813094924
Carl Landry,8,10.8,4.9,0.7,17.5,35.9,0,0.009554886001437198
Patricio Garino,1,0.0,1.4,0.0,-9.2,-0.2,0,0.009489922645674146
OG Anunoby,1,6.4,2.7,0.7,9.9,5.0,0,0.009470428456281781
Mario Chalmers,9,8.9,2.5,3.7,12.7,32.3,0,0.009391199988473741
Kelly Oubre,3,9.4,3.7,0.8,11.8,8.3,0,0.009358804374370948
Rodney Purvis,1,6.0,1.7,1.1,4.5,-0.3,0,0.009356068203990155
Frank Jackson,1,8.1,2.2,1.1,9.4,0.4,0,0.009346197542383219
Alex Caruso,1,5.9,2.1,2.5,11.2,1.5,0,0.009316815655128293
Zach Collins,1,5.6,3.8,0.9,10.9,3.6,0,0.009135097185077372
Bryn Forbes,2,8.2,1.9,1.4,10.5,6.0,0,0.009117235341219608
Shaquille Harrison,1,6.5,2.9,2.0,13.0,2.2,0,0.009065375458768241
Jahlil Okafor,3,11.5,5.1,0.9,16.5,5.3,0,0.008954282374800528
Kobi Simmons,1,5.9,1.5,2.1,7.7,-0.2,0,0.00894551840301429
Trey Burke,5,10.9,2.1,3.6,14.0,10.2,0,0.00887030040188832
Greivis Vasquez,6,9.0,2.5,4.8,13.7,12.6,0,0.008865102330566376
Chandler Hutchison,1,5.2,4.2,0.8,8.8,0.6,0,0.008838888072614568
Zhaire Smith,1,6.7,2.2,1.7,9.5,0.1,0,0.008814674046916028
Dwight Powell,4,7.5,4.5,0.9,18.5,22.4,0,0.008651376461612832
Torrey Craig,1,5.2,3.4,0.9,10.2,3.9,0,0.008630974486396131
Frank Mason,1,6.8,1.9,2.6,12.8,0.9,0,0.008617231406491208
Will Barton,6,10.5,3.9,2.4,14.4,16.4,0,0.008579384333724988
Tony Wroten,3,11.1,2.5,3.0,12.6,-1.3,0,0.00854972331555777
Dusty Hannahs,1,4.0,0.5,2.5,4.5,-0.1,0,0.008480879478538504
Dorian Finney-Smith,2,5.9,3.7,1.0,9.3,4.8,0,0.008366345364997035
David Nwaba,2,7.2,3.9,1.2,12.3,4.6,0,0.008333366129551534
Raymond Felton,13,11.2,3.0,5.2,13.8,40.2,0,0.00824309067861856
Delon Wright,3,7.4,2.8,2.7,15.9,10.5,0,0.008232076936164692
Dion Waiters,6,13.2,2.7,2.8,12.0,8.7,0,0.008118207260622524
Marquese Chriss,2,7.6,4.5,0.8,11.4,2.3,0,0.008092011076619048
Jamel Artis,1,5.1,2.5,1.2,6.9,0.0,0,0.0079522677945953
Harry Giles,1,7.0,3.8,1.5,14.4,1.0,0,0.007939759151798148
Isaiah Briscoe,1,3.5,1.9,2.2,6.7,0.3,0,0.007890412449255845
Bruce Brown,1,4.3,2.5,1.2,6.9,1.5,0,0.007870214952134873
Jonathon Simmons,3,8.3,2.4,1.9,11.0,6.2,0,0.007840865924115354
Bryce Dejean-Jones,1,5.6,3.4,1.1,9.6,0.2,0,0.007802175425749585
Omari Johnson,1,5.5,2.8,1.8,10.5,0.1,0,0.007709976262293929
Zach Lofton,1,0.0,0.0,0.0,-10.0,0.0,0,0.007690562160171397
Al-Farouq Aminu,8,7.7,6.1,1.2,12.4,27.4,0,0.0076561683165036745
Omari Spellman,1,5.9,4.2,1.0,12.4,1.2,0,0.007647209067437803
Tyler Dorsey,1,6.7,2.3,1.3,10.5,1.0,0,0.007611512507131865
Joe Harris,4,9.4,2.8,1.5,11.9,10.4,0,0.007554463707807899
Terrance Ferguson,1,5.2,1.4,0.7,6.7,4.0,0,0.007521808908438546
Sterling Brown,1,5.3,2.9,1.0,10.1,2.8,0,0.007517242060930423
DeAndre' Bembry,2,6.3,3.3,1.9,10.0,0.8,0,0.0074942282525272816
Hollis Thompson,3,7.7,3.1,1.1,9.6,6.5,0,0.007484604783505846
Jawun Evans,1,4.2,1.7,2.0,6.7,-0.4,0,0.007472761860416557
Mitchell Robinson,1,7.3,6.4,0.6,22.0,6.1,0,0.007425911098361979
Alex Len,5,7.9,6.3,0.8,15.0,15.6,0,0.007341577863174551
Malik Monk,1,7.9,1.5,1.5,11.2,0.3,0,0.007300705220983229
Erik McCree,1,0.0,0.3,0.0,-8.9,-0.1,0,0.00726753701944275
Kendall Marshall,3,5.0,1.6,4.9,10.7,1.0,0,0.007250168052744869
Paul Zipser,1,4.7,2.6,0.8,6.1,0.0,0,0.007219733072827742
Robin Lopez,10,9.1,5.3,0.8,16.3,43.0,0,0.007186700889430024
Mohamed Bamba,1,6.2,5.0,0.8,14.9,1.7,0,0.007179085428980156
Danuel House,2,8.2,3.4,1.0,12.3,2.9,0,0.007157244109042793
Kyle Anderson,4,5.3,3.9,1.9,13.5,15.4,0,0.007142303323569487
Devin Harris,14,10.8,2.2,3.9,16.0,54.9,0,0.0071103146663229755
P.J. Hairston,1,6.0,2.4,0.5,7.6,0.9,0,0.007088293614798774
Marcelo Huertas,1,3.9,1.5,3.1,10.1,-0.2,0,0.007063186140979456
Stanley Johnson,3,7.0,3.4,1.5,8.6,3.3,0,0.007018410061263662
Wesley Iwundu,1,4.4,2.5,1.0,8.3,2.5,0,0.006994499811419624
Dragan Bender,2,5.3,3.8,1.2,7.4,0.2,0,0.006993662424254039
J.J. Hickson,7,9.5,6.8,0.8,16.1,21.9,0,0.006905357556931905
Jerian Grant,3,6.1,1.9,2.9,12.6,8.3,0,0.00690354082738688
Daniel Theis,1,5.5,3.9,1.0,16.6,7.0,0,0.006889207198244534
Jakob Poeltl,2,5.4,4.5,0.8,17.2,12.3,0,0.006880941992230145
Devonte' Graham,1,4.7,1.4,2.6,10.3,0.5,0,0.0068764896472574815
Trey Lyles,3,7.6,3.9,1.1,13.2,8.1,0,0.006862583787250197
Langston Galloway,4,8.2,2.6,1.7,11.4,10.7,0,0.006862243527545338
Jarrett Jack,12,10.8,2.9,4.6,14.1,36.8,0,0.00685136828957246
Jeremy Lamb,6,10.2,3.7,1.5,16.1,20.8,0,0.006850122556909748
Tyrone Wallace,1,5.5,2.2,1.2,8.8,0.5,0,0.00678089468943295
Tiago Splitter,6,7.9,5.0,1.2,17.9,25.3,0,0.00673080419083584
Willy Hernangomez,2,7.0,5.6,1.1,19.8,7.8,0,0.0067084269347074885
Allen Crabbe,5,9.5,2.9,1.2,11.1,13.8,0,0.006700101687238991
Damion Lee,1,6.8,2.9,0.9,12.0,1.1,0,0.006641042197120669
Jevon Carter,1,4.4,1.7,1.8,7.8,0.0,0,0.00663742440567921
Courtney Lee,10,9.7,2.7,1.7,12.2,38.7,0,0.0065866293778957564
Semaj Christon,1,2.9,1.4,2.0,5.7,0.1,0,0.006530580733750359
Terrence Ross,6,10.5,2.8,1.1,12.6,19.2,0,0.006515760638634399
Kostas Papanikolaou,1,3.6,2.3,1.5,7.3,0.3,0,0.006477257434089712
Kyle Collinsworth,1,3.2,3.3,1.8,10.0,0.5,0,0.006428959734613698
Ersan Ilyasova,12,10.6,5.8,1.1,15.4,44.9,0,0.0063739063026295225
Ray McCallum,2,6.0,2.0,2.4,11.0,2.1,0,0.006347330493576965
Luke Kornet,1,6.9,3.0,1.2,14.4,1.9,0,0.006346545422105934
Metta World Peace,17,13.2,4.5,2.7,14.8,61.1,0,0.006288665879625287
Billy Garrett,1,6.5,0.8,1.8,9.8,0.0,0,0.006223000465852418
Quinn Cook,2,7.4,2.0,1.9,12.9,3.5,0,0.006173715815222251
Tim Frazier,4,5.2,2.4,4.1,12.0,6.6,0,0.0061643221064141334
Davis Bertans,2,6.2,2.3,1.0,13.3,9.3,0,0.006092296045086901
Skal Labissiere,2,7.6,4.3,1.0,14.9,3.0,0,0.006081853875407116
Troy Brown,1,4.8,2.8,1.5,11.1,0.6,0,0.006064786383326838
Donte DiVincenzo,1,4.9,2.4,1.1,9.1,0.6,0,0.00606447701657523
Keith Appling,1,1.2,0.2,0.2,-4.8,-0.1,0,0.006034810197484748
Sean Kilpatrick,3,10.3,2.7,1.5,13.2,2.6,0,0.006030190557620431
Dwayne Bacon,1,5.1,2.2,0.9,8.8,1.1,0,0.00601372172500781
Gerald Henderson,7,11.2,3.2,1.9,13.4,18.3,0,0.005942255699721861
Trevor Booker,7,6.9,5.5,1.1,15.0,26.2,0,0.005940396963170982
Kadeem Allen,1,5.6,1.7,2.4,13.4,0.9,0,0.005938991461138855
Jaylen Adams,1,3.2,1.8,1.9,7.6,0.1,0,0.005937569794158558
Andrew White,1,4.6,2.3,0.4,5.8,-0.1,0,0.005931016232656487
Wayne Selden,2,7.3,2.0,1.5,9.2,0.1,0,0.0059308556191753625
Ivan Rabb,1,5.7,4.3,1.0,16.3,3.2,0,0.005910640490538283
Richaun Holmes,3,7.7,4.4,0.9,18.5,12.4,0,0.0059096159733337825
Dewayne Dedmon,5,6.5,6.0,0.7,15.4,17.5,0,0.005896409097977202
D.J. Wilson,1,4.3,3.3,0.8,10.3,1.8,0,0.005882244471309684
Rawle Alkins,1,3.7,2.6,1.3,8.1,-0.1,0,0.005851767233271304
Matthew Dellavedova,5,6.0,1.9,3.7,10.0,9.9,0,0.005833773466587979
Arron Afflalo,10,10.8,2.9,1.8,11.9,33.5,0,0.0057924812145006875
Anderson Varejao,12,7.3,7.2,1.2,15.6,46.4,0,0.005786749013534476
Antonio Blakeney,1,7.5,1.8,0.8,10.5,-0.6,0,0.005753715526232694
Mike Miller,16,10.6,4.2,2.6,14.3,60.7,0,0.005726212521364193
Milton Doyle,1,3.4,1.8,1.0,5.2,-0.1,0,0.005701867505193467
Theo Pinson,1,4.5,2.0,1.2,8.1,0.0,0,0.0056897242219570154
Tyus Jones,3,5.1,1.5,3.3,13.5,8.4,0,0.005641540274117446
Isaiah Hicks,1,4.4,2.3,0.9,8.0,0.1,0,0.005498686288124482
Andre Roberson,4,4.6,4.0,0.9,9.8,12.7,0,0.0054764815761021565
Jonah Bolden,1,4.7,3.8,0.9,12.7,1.4,0,0.005469902595383831
Yuta Watanabe,1,2.6,2.1,0.5,3.3,-0.2,0,0.005449679782564728
Jamil Wilson,1,7.0,2.1,0.7,11.4,0.5,0,0.0054438569133233115
James Webb,1,1.6,2.4,0.4,2.2,-0.1,0,0.005403113596414006
Wilson Chandler,11,12.9,5.3,1.8,13.0,28.3,0,0.005396494139857193
Dairis Bertans,1,2.8,0.8,0.8,2.0,-0.2,0,0.005359320509969509
Mike Tobey,1,1.0,1.5,0.5,-0.1,0.0,0,0.005322502835993601
Pablo Prigioni,3,3.5,1.9,2.8,12.3,10.4,0,0.00532158938341633
Charles Cooke,1,0.5,0.2,0.1,-5.1,-0.2,0,0.0053212457422373806
Myke Henry,1,5.4,1.9,1.1,9.7,0.1,0,0.005314239898640465
Henry Sims,3,7.6,5.0,1.0,15.0,4.6,0,0.00528764112435518
Keita Bates-Diop,1,5.0,2.8,0.6,9.6,0.3,0,0.005257524888267327
Aaron Holiday,1,5.9,1.3,1.7,11.9,0.9,0,0.0052544738279573615
Cleanthony Early,1,4.3,2.2,0.8,7.2,-0.6,0,0.005253795605033761
Jared Terrell,1,2.2,0.4,0.9,0.7,-0.3,0,0.00522746989660081
Daryl Macon,1,3.6,1.5,0.9,5.5,0.0,0,0.005203683072275881
Johnathan Williams,1,6.5,4.1,0.5,15.1,1.0,0,0.005157996979845397
Jaylen Morris,1,3.8,2.1,1.1,7.8,-0.1,0,0.005129429030382865
Terrence Jones,6,10.4,5.7,1.0,17.1,14.7,0,0.005120096937549807
Cory Joseph,7,6.9,2.6,2.8,12.5,21.8,0,0.005093818313388931
Ramon Sessions,10,10.3,2.7,4.1,15.9,28.8,0,0.005057170211250629
Drew Gooden,13,11.0,7.1,1.1,16.3,43.9,0,0.005041603269644648
Isaac Humphries,1,3.0,2.2,0.0,3.4,-0.1,0,0.005000458319722371
Jaron Blossomgame,1,4.2,3.6,0.5,10.2,0.3,0,0.004996600713524423
Lamar Patterson,1,2.3,1.4,1.1,4.4,0.1,0,0.004980787284430233
Jonathan Gibson,1,6.7,1.2,1.4,11.8,0.0,0,0.004969055689762084
Ivica Zubac,2,6.9,4.6,0.8,17.6,5.3,0,0.004908723899329536
Ante Zizic,1,6.4,4.2,0.6,17.5,3.0,0,0.00490599506141808
Amir Johnson,13,7.0,5.4,1.2,15.8,55.3,0,0.0049010286697557985
Nigel Hayes,1,3.0,2.4,0.7,6.4,-0.1,0,0.004853525318604809
James Ennis,4,6.5,3.2,0.9,11.5,11.7,0,0.004835789637051725
J.P. Macura,1,3.0,1.5,1.0,5.7,0.0,0,0.004778636625285522
Timothe Luwawu-Cabarrot,2,5.7,1.9,0.9,7.9,1.8,0,0.004771852381717129
Marcus Thornton,7,11.9,2.8,1.4,15.5,20.0,0,0.004729398152349944
Mindaugas Kuzminskas,1,6.2,1.8,1.0,12.3,1.1,0,0.004727795624437074
Mario Hezonja,3,7.3,3.0,1.3,10.7,2.4,0,0.004701883106812825
Josh Magette,1,2.6,1.1,3.2,11.9,0.4,0,0.004696856668306645
Semi Ojeleye,1,3.0,1.9,0.3,5.9,1.9,0,0.004688652510729957
John Henson,6,7.8,5.4,1.1,17.1,19.3,0,0.004687248934172733
Jordan Bell,1,3.9,3.1,1.4,15.5,4.5,0,0.004667175955424731
Diamond Stone,1,1.4,0.9,0.0,-1.2,-0.1,0,0.004664789508628919
DeMarre Carroll,9,9.1,4.3,1.3,13.4,29.3,0,0.004640621683197547
Elijah Millsap,2,4.2,2.8,1.1,7.4,0.4,0,0.0045919942350247725
Juan Hernangomez,2,5.1,3.2,0.6,11.7,5.1,0,0.0045628473064648276
Ben Moore,1,0.0,0.5,0.5,-2.3,0.0,0,0.004554512108200715
Lance Stephenson,8,8.6,4.2,2.9,12.1,16.7,0,0.00454185643984727
Patrick Patterson,8,6.9,4.1,1.1,12.6,28.7,0,0.00452656824788769
Doug McDermott,4,7.8,2.1,0.8,10.7,10.6,0,0.004508777599861586
Furkan Korkmaz,1,4.9,1.9,0.9,10.6,1.1,0,0.004508515333920259
Alfonzo McKinnie,1,4.2,3.0,0.4,11.1,2.2,0,0.004482134499985499
Grayson Allen,1,5.6,0.6,0.7,7.5,0.0,0,0.004480478404804249
Norman Powell,3,7.1,2.1,1.2,12.4,7.3,0,0.004472729244272441
Noah Vonleh,4,5.1,5.4,0.8,11.8,8.3,0,0.004457863532799556
Maurice Harkless,6,7.3,3.7,0.9,12.5,19.2,0,0.004439324820403312
Andrea Bargnani,9,14.3,4.6,1.2,14.4,18.9,0,0.00438204993120122
Shake Milton,1,4.4,1.8,0.9,9.3,0.3,0,0.004363670753744147
Julian Washburn,1,2.2,2.3,0.8,6.5,0.1,0,0.00433186360085366
Jared Dudley,11,7.7,3.3,1.6,12.7,42.1,0,0.004320642331850366
C.J. Williams,1,4.7,1.2,1.0,9.4,0.9,0,0.004312622075632786
Phil Pressey,2,3.2,1.5,2.9,9.9,0.8,0,0.004302057387385499
Joe Chealey,1,2.0,0.0,1.0,2.0,0.0,0,0.0042820733876313116
Malik Beasley,2,7.2,1.7,0.8,13.0,5.0,0,0.004280156325722934
Omer Asik,7,5.3,7.1,0.6,13.4,20.9,0,0.004233071233388886
Bonzie Colson,1,4.9,3.8,0.4,12.9,0.2,0,0.004232308214925158
Daniel Hamilton,1,2.8,2.1,1.2,8.5,0.0,0,0.004219324798328568
Chinanu Onuaku,1,3.0,2.3,0.7,7.7,0.1,0,0.0042093637918008955
Ryan Kelly,3,6.0,3.1,1.3,10.5,3.0,0,0.0041617053658829384
Caleb Swanigan,1,2.2,2.5,0.5,6.1,-0.2,0,0.004158609348839592
Brandon Sampson,1,5.1,1.1,0.7,8.5,0.0,0,0.004152869222604549
Pierre Jackson,1,4.4,1.1,2.4,13.0,0.0,0,0.004139015957891496
Alex Abrines,2,5.3,1.4,0.5,8.8,5.0,0,0.00410608378398207
Matt Williams,1,1.7,0.3,0.0,-0.7,0.0,0,0.00410264994157635
Anthony Brown,2,3.9,2.5,0.7,5.6,-0.2,0,0.004101403305646833
Abdel Nader,1,3.6,1.7,0.4,7.2,0.8,0,0.004089884404462751
Derrick Jones,2,5.8,3.2,0.5,13.0,4.4,0,0.004078893843918295
Michael Gbinije,1,0.4,0.3,0.2,-2.1,-0.1,0,0.004077010649534442
Brandon Bass,11,8.7,4.5,0.8,15.3,42.8,0,0.004070071141033798
Cameron Payne,3,6.0,1.8,2.5,11.4,2.2,0,0.004014821038289335
Sviatoslav Mykhailiuk,1,3.2,0.9,0.9,6.0,-0.1,0,0.004014078873083878
Khem Birch,1,4.5,4.0,0.8,17.9,4.6,0,0.00401321424875431
Bismack Biyombo,7,4.9,6.3,0.5,12.8,22.9,0,0.004012430537826042
Moritz Wagner,1,4.8,2.0,0.6,10.1,0.2,0,0.004008958328343834
Spencer Hawes,9,8.7,5.7,1.9,14.0,22.6,0,0.003984739026370428
Tony Snell,5,6.2,2.4,1.0,9.0,13.5,0,0.003960486533395158
J.R. Smith,14,12.5,3.2,2.1,14.0,46.4,0,0.003933146062472704
Austin Rivers,6,9.2,2.0,2.4,10.2,9.1,0,0.003918866225419479
Axel Toupane,1,3.5,1.3,0.6,7.0,0.4,0,0.003898162328722924
Troy Williams,2,6.0,2.7,0.7,11.0,1.3,0,0.0038795207891802173
Thon Maker,2,4.6,2.8,0.6,11.4,4.8,0,0.0038731753806331886
Kostas Antetokounmpo,1,1.0,0.5,0.0,-0.9,-0.1,0,0.0038725246706904693
Avery Bradley,8,12.0,3.0,1.8,11.2,14.6,0,0.0038677013609329275
Nicolas Laprovittola,1,3.3,0.6,1.6,8.4,0.2,0,0.003866684303810103
Solomon Hill,5,5.9,3.3,1.5,9.0,9.2,0,0.0038637002435078726
Cameron Reynolds,1,5.0,1.6,0.7,10.4,0.4,0,0.0038632133949860763
Devyn Marble,1,2.2,1.6,0.7,5.5,-0.3,0,0.00385214944386062
Jacob Pullen,1,0.7,0.0,0.0,-2.3,0.0,0,0.003851087942482446
Luis Montero,2,1.0,0.4,0.1,-4.8,-0.3,0,0.00383622480293722
Treveon Graham,2,4.1,2.0,0.8,8.1,2.7,0,0.0038163476555041595
Lavoy Allen,5,4.8,4.8,1.0,12.5,13.8,0,0.0038069324694851797
Patrick McCaw,2,3.7,1.5,1.2,7.9,2.8,0,0.0037764475380440326
Georgios Papagiannis,1,4.1,3.2,0.7,12.6,0.4,0,0.0037752040881733452
Davon Reed,1,2.4,1.5,0.5,5.3,-0.2,0,0.0037420932573292705
Jamal Crawford,18,14.6,2.2,3.4,15.1,60.6,0,0.0037138166531570007
Tibor Pleiss,1,2.0,1.3,0.2,3.5,-0.1,0,0.003681355124195266
Gary Trent,1,2.7,0.7,0.3,3.6,-0.2,0,0.0036720593736215674
Kent Bazemore,6,8.7,3.1,1.9,12.2,11.0,0,0.0036694424341080305
Deng Adel,1,1.7,1.0,0.3,2.7,-0.2,0,0.003659932795743217
Tarik Black,3,4.9,4.7,0.5,14.4,7.7,0,0.0036561991457780955
Jacob Evans,1,1.3,0.8,0.8,3.5,-0.1,0,0.0036076925102584527
Kay Felder,1,3.8,1.0,1.3,9.3,-0.4,0,0.0035880992850034566
Dante Exum,4,5.9,1.8,2.3,8.1,2.7,0,0.0035854764771884383
Jerome Robinson,1,3.4,1.2,0.6,7.2,0.1,0,0.0035844208768583013
Jalen Jones,1,4.8,2.3,0.3,11.0,0.4,0,0.0035747907102983423
Chasson Randle,2,5.4,1.2,1.7,11.0,1.3,0,0.003550035690532131
Ron Baker,2,3.1,1.4,1.8,7.4,0.2,0,0.003512849098652946
Kevon Looney,3,4.5,3.8,1.0,15.9,10.3,0,0.0035072851576421673
Melvin Frazier,1,1.5,0.5,0.1,1.2,-0.1,0,0.003490758258868418
DeJuan Blair,6,6.8,5.1,0.8,16.5,19.0,0,0.0034883010313212703
Derrick Williams,6,8.9,4.0,0.7,13.4,14.1,0,0.003474049162486626
Naz Mitrou-Long,1,1.3,0.4,1.0,3.8,0.0,0,0.00345354502811166
Pat Connaughton,3,4.6,2.3,1.2,11.0,6.8,0,0.003448273416364745
Gary Clark,1,2.9,2.3,0.4,9.2,1.0,0,0.0034318732594118416
Angel Delgado,1,1.5,2.0,0.0,4.3,0.0,0,0.003428531099319096
Cheick Diallo,2,5.5,4.6,0.4,17.3,5.0,0,0.003423703074399295
Shane Larkin,4,5.5,1.9,2.9,11.4,4.4,0,0.0034228514773492107
Zhou Qi,1,1.3,1.2,0.1,2.5,-0.2,0,0.003415767086482921
Donald Sloan,4,5.5,2.1,3.0,11.9,4.0,0,0.0034025552239716783
Nate Robinson,10,11.0,2.3,3.0,15.6,27.8,0,0.0033870636130898537
Tyler Cavanaugh,1,3.8,2.7,0.6,12.4,1.2,0,0.0033843005145031
Andre Ingram,1,4.0,1.3,1.2,10.9,0.1,0,0.003371486454984801
Tyler Davis,1,0.0,1.0,0.0,0.0,0.0,0,0.003367765506647836
Larry Drew,3,2.9,0.8,2.5,4.1,-0.5,0,0.0033389867018067706
Cristiano Felicio,3,4.6,4.1,0.7,14.2,7.7,0,0.003331131584887658
Nik Stauskas,4,6.8,2.1,1.5,9.1,3.8,0,0.0033224444216118
London Perrantes,1,0.5,0.3,0.4,0.7,-0.1,0,0.0033091029201628656
Alec Peters,1,4.1,1.9,0.6,10.7,0.3,0,0.0033077086923609667
Jarell Martin,3,5.4,3.5,0.6,10.5,3.2,0,0.0032932462278186638
Sindarius Thornwell,1,2.5,1.3,0.6,7.6,1.0,0,0.0032592687173754616
Haywood Highsmith,1,1.8,1.0,0.4,4.5,0.0,0,0.003239680895963081
Tyler Zeller,6,7.0,4.4,0.9,14.9,17.1,0,0.003239378136522571
Tyler Hansbrough,6,6.7,4.2,0.4,14.8,20.2,0,0.003224203526860959
Shawn Long,1,8.2,4.7,0.7,24.1,0.9,0,0.003221836846998731
Jordan Crawford,7,12.2,2.5,3.1,14.1,6.3,0,0.003192447073995237
Joffrey Lauvergne,3,5.6,3.8,0.9,14.3,5.2,0,0.00318138531454306
Jarrod Uthoff,1,4.4,2.4,1.0,13.9,0.2,0,0.0031591686887825344
Brian Roberts,4,6.6,1.3,2.3,13.0,7.4,0,0.003146266348963053
Duncan Robinson,1,3.3,1.3,0.3,7.6,0.2,0,0.003143636829657014
Xavier Munford,2,4.2,1.6,1.3,8.9,0.0,0,0.0031156720892073927
Norris Cole,5,7.0,2.0,2.7,9.2,3.0,0,0.003107477842238754
Kyle Singler,5,6.5,2.9,0.8,9.5,10.0,0,0.0031048445321883084
Hamidou Diallo,1,3.7,1.9,0.3,10.1,0.8,0,0.0030978884375850464
Matt Barnes,13,8.2,4.6,1.8,12.7,42.8,0,0.003097872651783044
Gary Neal,6,9.9,2.2,1.6,12.6,10.7,0,0.0030891986133422234
Iman Shumpert,7,7.3,3.4,1.9,9.8,12.9,0,0.0030867580961894446
K.J. McDaniels,2,5.3,2.2,0.6,10.8,1.3,0,0.003052443485600987
Sam Dekker,3,5.5,3.0,0.8,12.7,5.4,0,0.0030423255455283285
Ben McLemore,5,8.8,2.5,1.1,9.3,4.6,0,0.003034773134449953
Damien Inglis,1,1.8,1.6,0.5,6.7,-0.1,0,0.0030170619982270233
Raul Neto,3,4.8,1.3,1.9,11.1,4.6,0,0.003005877626317872
Seth Curry,5,9.3,1.9,1.7,13.8,8.4,0,0.003003472195472274
Ryan Broekhoff,1,4.0,1.5,0.5,10.7,0.8,0,0.0029946340968082493
Mitch McGary,1,4.4,3.5,0.3,15.4,1.3,0,0.002962036395842186
Brandon Paul,1,2.3,1.1,0.6,7.4,0.5,0,0.0029584509219549157
Justin Hamilton,3,6.1,3.6,0.8,13.9,3.7,0,0.002949039933065164
Wade Baldwin,2,3.1,1.2,1.4,7.1,-0.3,0,0.002902352397978247
Vince Edwards,1,1.5,1.0,0.0,3.8,0.0,0,0.0028924324984999352
Gian Clavell,1,2.9,1.0,0.4,7.4,0.1,0,0.0028865778209084176
Chase Budinger,6,7.9,3.0,1.2,13.0,13.9,0,0.002874629395187654
Josh Huestis,2,2.5,2.4,0.3,6.0,0.7,0,0.0028634489781002876
Shabazz Napier,4,6.4,1.7,2.0,12.7,6.4,0,0.0028572399212020393
Randy Foye,10,10.3,2.2,2.8,12.0,23.5,0,0.0028411723831534503
Shabazz Muhammad,4,9.0,2.8,0.5,15.9,8.5,0,0.0028310304235728443
Nicolas Brussino,1,2.6,1.7,0.8,10.5,0.6,0,0.002770052678936811
Festus Ezeli,3,4.2,4.3,0.4,13.4,5.9,0,0.002765900159796751
George King,1,0.0,1.0,0.0,1.9,0.0,0,0.002758612592941131
Ray Spalding,1,3.9,3.4,0.4,14.6,0.2,0,0.0027477563337565936
John Holland,1,2.2,1.0,0.2,5.9,-0.2,0,0.002743847639006844
Brad Wanamaker,1,3.9,1.1,1.6,14.3,1.0,0,0.0027390232743039456
Khyri Thomas,1,2.3,0.8,0.3,6.2,0.0,0,0.002719222488695932
Mirza Teletovic,5,8.1,3.2,0.8,13.0,8.8,0,0.0027142418329547764
Chimezie Metu,1,1.8,1.2,0.4,6.4,-0.3,0,0.0027079705555462844
Deonte Burton,1,2.6,0.9,0.3,7.0,0.1,0,0.002707566882473421
Briante Weber,2,3.2,1.9,1.4,10.1,0.6,0,0.0027059868561093007
Trey McKinney-Jones,1,0.0,0.0,0.0,0.0,0.0,0,0.002695773433843333
Edmond Sumner,1,2.8,1.0,0.4,7.9,0.1,0,0.0026941668358155427
Isaac Bonga,1,0.9,1.1,0.7,6.0,-0.1,0,0.00268348244444763
Jordan Hill,7,7.9,5.8,0.8,16.3,16.4,0,0.002670238442914684
Cory Jefferson,1,3.5,2.8,0.3,13.2,0.9,0,0.0026661240275051156
Johnathan Motley,1,6.0,3.0,0.5,18.0,0.6,0,0.0026566197480315484
Patty Mills,9,8.4,1.7,2.4,14.4,27.5,0,0.0026350781001588143
Udonis Haslem,15,7.6,6.7,0.9,13.0,50.7,0,0.0026303518154912123
J.J. O'Brien,1,0.0,0.5,0.0,1.3,0.0,0,0.0026285670917250304
Isaiah Canaan,5,8.1,1.9,1.9,10.7,4.3,0,0.0026250839484911075
Erick Green,1,3.1,0.7,0.8,9.3,0.1,0,0.002622640023348531
Antonius Cleveland,1,1.4,0.8,0.1,4.5,0.0,0,0.002616838972677675
Devin Robinson,1,6.1,3.1,0.8,19.4,0.4,0,0.0026005164866416226
Willie Reed,2,4.9,3.8,0.3,18.0,6.3,0,0.002588560294058508
Okaro White,2,2.7,2.2,0.5,7.6,0.8,0,0.0025836899738338162
Cameron Bairstow,1,1.2,1.0,0.2,5.0,-0.1,0,0.0025788485154136795
Alec Burks,7,9.5,3.0,1.7,13.6,13.0,0,0.0025610849430732084
Henry Ellenson,2,4.3,2.5,0.6,10.8,0.3,0,0.002552937464176654
Aron Baynes,6,5.4,4.4,0.7,14.0,17.0,0,0.002533671571974028
Archie Goodwin,3,6.3,2.0,1.2,11.6,1.1,0,0.002527247985969371
Markel Brown,3,5.2,2.1,1.2,10.1,1.1,0,0.002524030784883772
Anthony Morrow,8,9.4,2.2,0.9,13.2,23.2,0,0.002515465071982332
Dzanan Musa,1,2.1,0.6,0.2,5.8,-0.1,0,0.0025153877804909045
Gary Payton,2,3.1,1.8,1.2,9.5,0.2,0,0.002505872618271494
Jake Layman,2,4.6,1.8,0.5,11.5,2.7,0,0.002501599593560035
Aaron Harrison,2,2.3,1.2,0.5,4.5,-0.1,0,0.0024932710028891325
Reggie Bullock,5,6.8,2.1,1.1,11.2,9.7,0,0.002470929868190947
Justin Holiday,6,8.1,2.8,1.5,10.8,8.0,0,0.0024633481573132963
Jacob Wiley,1,0.8,2.2,0.4,8.2,0.1,0,0.002453300430670653
A.J. Hammons,1,2.2,1.6,0.2,8.4,0.0,0,0.002450963563695644
Maurice Ndour,1,3.1,2.0,0.3,11.3,0.4,0,0.002449316667980311
Stephen Zimmerman,1,1.2,1.8,0.2,7.3,0.0,0,0.0024397977846133015
Yante Maten,1,1.0,1.5,0.0,5.7,0.0,0,0.002438769652228255
Nate Wolters,4,5.5,2.2,2.5,11.3,0.9,0,0.00242848735203469
Sheldon Mac,1,3.0,1.1,0.5,10.1,0.5,0,0.0024154662475056204
Justin Anderson,3,5.3,2.6,0.7,12.9,4.7,0,0.0024076241239340663
James Johnson,9,7.9,3.6,2.1,14.5,23.5,0,0.0023928029650571517
Sergey Karasev,2,3.0,1.5,0.9,8.7,0.8,0,0.0023744211127785567
Tahjere McCall,1,4.0,1.0,0.0,9.6,0.0,0,0.0023736167655143744
Russ Smith,1,2.0,0.6,0.7,7.8,-0.2,0,0.002362478076046165
Anfernee Simons,1,3.8,0.7,0.7,11.1,0.1,0,0.002353569117376367
Daniel Ochefu,1,1.3,1.2,0.2,6.6,0.0,0,0.0023357164408406173
Mike Muscala,5,5.7,3.3,0.9,13.6,11.9,0,0.00233410044002951
Isaiah Hartenstein,1,1.9,1.7,0.5,10.0,0.5,0,0.00232764343262178
Robert Sacre,3,4.2,3.1,0.7,10.8,2.4,0,0.0023243960703726394
Marshall Plumlee,1,1.9,2.3,0.4,10.9,0.3,0,0.0023009633666113095
Chris Kaman,12,11.2,7.6,1.3,14.9,24.6,0,0.0023000168690668786
Matt Costello,1,1.0,2.3,0.5,9.7,0.1,0,0.0022919920137435446
Alize Johnson,1,0.9,1.4,0.1,6.3,0.0,0,0.002279834849447138
Rashad Vaughn,2,3.0,1.1,0.5,5.9,-0.6,0,0.002268355956620717
Tyler Ennis,3,4.2,1.3,1.9,10.3,1.3,0,0.0022681403329749736
Bryce Cotton,1,3.8,0.8,0.8,12.0,0.1,0,0.0022660259662925846
Marcus Paige,1,2.4,0.8,0.6,9.1,0.0,0,0.0022598497073066347
Timofey Mozgov,7,6.8,4.9,0.6,14.7,17.7,0,0.0022368247218493907
Chris Johnson,3,4.4,2.0,0.6,9.7,3.5,0,0.0022290650483890394
T.J. Leaf,1,3.4,1.9,0.3,14.0,2.4,0,0.0022277534649554794
Alan Williams,3,6.2,5.5,0.6,19.2,2.5,0,0.002221862346508113
Damjan Rudez,2,3.3,0.6,0.6,7.4,1.4,0,0.0022158971821321376
Darrun Hilliard,2,3.2,0.9,0.8,7.7,0.3,0,0.002212894754228921
Deyonta Davis,2,4.2,3.2,0.4,15.4,3.6,0,0.002206512360589619
Alex Stepheson,1,2.8,3.5,0.3,14.8,0.1,0,0.002199874276303265
Kyle O'Quinn,6,5.6,4.6,1.3,17.9,16.8,0,0.0021980135466781216
Adreian Payne,3,4.0,2.9,0.6,8.0,-0.6,0,0.0021883400212954866
E'Twaun Moore,7,8.0,2.0,1.8,11.4,13.5,0,0.0021742815907077138
Mike Scott,6,7.1,3.1,0.9,13.2,13.3,0,0.002167817678968936
Jabari Bird,1,3.0,1.5,0.6,12.1,0.2,0,0.0021617867370940158
Zaza Pachulia,15,6.8,5.8,1.3,14.6,52.7,0,0.002151502397204197
Meyers Leonard,6,5.6,3.7,0.9,12.3,13.4,0,0.0021446106460028024
Chris Chiozza,1,0.9,0.6,0.6,7.0,0.0,0,0.002105110870732378
Alex Poythress,2,3.8,2.3,0.5,11.7,1.0,0,0.0020917196685019722
DeVaughn Akoon-Purcell,1,1.0,0.6,0.9,8.2,0.0,0,0.00209162125998366
Jorge Gutierrez,2,2.9,1.1,1.5,10.9,0.8,0,0.0020842395289035805
Vander Blue,4,3.0,1.3,1.2,1.7,-0.4,0,0.002078185315676995
Thomas Robinson,4,4.9,4.8,0.6,14.0,4.6,0,0.0020738564888022172
Salah Mejri,3,3.4,4.0,0.5,16.3,8.1,0,0.002067649710711902
Tim Quarterman,1,1.8,0.9,0.6,9.2,-0.1,0,0.0020547040451596465
Anthony Bennett,3,4.4,3.1,0.5,10.2,0.5,0,0.0020481552813621695
C.J. Watson,9,7.2,1.9,2.5,13.1,24.1,0,0.002037649480734808
Derrick Walton,1,1.8,1.0,1.0,11.2,0.4,0,0.0020345617398986526
Brandon Goodwin,1,1.4,0.2,0.9,8.3,0.0,0,0.0020222622921623875
Malachi Richardson,2,2.8,1.0,0.3,6.2,-0.1,0,0.0020216914955296845
Nick Collison,13,5.9,5.2,1.0,13.2,44.5,0,0.0020044123028115455
Larry Sanders,6,6.4,5.7,0.7,15.4,10.3,0,0.002003321830482648
Damian Jones,2,3.6,2.3,0.6,12.6,1.6,0,0.0020004860980952443
Lonnie Walker,1,2.6,1.0,0.5,10.8,0.0,0,0.001973290785561134
Rakeem Christmas,1,2.1,1.9,0.1,11.0,0.5,0,0.0019731151209802593
P.J. Tucker,12,7.4,5.7,1.4,10.9,30.0,0,0.0019648071287403316
Scotty Hopson,4,0.7,0.0,0.7,-5.5,-0.1,0,0.0019581555004701424
Marcus Georges-Hunt,1,1.6,0.5,0.2,7.5,0.3,0,0.001957136838160793
Travis Wear,3,4.0,2.1,0.7,8.1,-0.1,0,0.001952825987848869
Jodie Meeks,9,9.3,2.1,1.1,12.8,24.3,0,0.0019508792477475482
Marco Belinelli,11,10.0,2.1,1.7,12.3,29.6,0,0.0018979733003687865
Shelvin Mack,7,6.6,2.0,3.1,12.3,10.3,0,0.001896239351251028
Thabo Sefolosha,12,5.9,3.8,1.4,11.5,38.6,0,0.0018922311765823226
Justin Patton,1,1.8,1.5,0.8,12.0,0.0,0,0.0018896305863828258
Malcolm Miller,1,2.9,0.8,0.2,10.6,0.4,0,0.00188649229123254
Joe Young,2,3.4,1.0,0.9,10.2,0.4,0,0.0018761826962291953
JaKarr Sampson,4,5.5,2.7,0.8,10.1,2.0,0,0.0018753993568230514
Kyle Wiltjer,1,0.9,0.7,0.1,6.7,0.0,0,0.0018703270958531808
Toney Douglas,7,7.6,2.2,2.3,13.2,12.1,0,0.001868096820240443
Johnny O'Bryant,3,3.5,2.4,0.5,8.0,0.2,0,0.0018583511043089099
Ish Smith,8,7.4,2.4,3.8,13.5,11.0,0,0.0018530320397312147
Donatas Motiejunas,6,7.3,3.8,1.1,12.4,7.1,0,0.0018475660494191423
Chris Copeland,3,5.8,1.6,0.6,12.4,2.9,0,0.0018418236926289564
Guerschon Yabusele,1,2.3,1.4,0.4,12.4,1.1,0,0.0018326863606245767
PJ Dozier,1,2.6,2.3,0.6,14.8,0.1,0,0.0018064046220995001
Jordan Adams,1,3.2,0.9,0.6,13.1,0.4,0,0.001788303418511261
Andrew Nicholson,4,6.0,3.0,0.4,12.2,3.8,0,0.0017599164983498122
Jonas Jerebko,9,6.2,4.0,0.8,13.2,25.8,0,0.0017452422531724686
Dante Cunningham,9,5.8,3.7,0.7,11.1,24.9,0,0.001712003046255611
Channing Frye,13,8.7,4.5,1.0,13.3,38.9,0,0.0017109654066490537
Branden Dawson,1,0.8,0.7,0.0,7.1,0.0,0,0.0017043002188929723
Orlando Johnson,3,3.2,1.7,0.7,8.5,1.4,0,0.001694949407879704
Steve Blake,12,6.5,2.1,4.0,11.1,29.1,0,0.0016920505789131217
Mitch Creek,1,4.2,2.4,1.2,20.2,0.2,0,0.0016889926541847234
Dwight Buycks,4,6.3,1.6,1.7,11.7,0.3,0,0.0016811948000266404
Beno Udrih,12,8.4,2.1,3.4,14.0,31.4,0,0.0016715553041643635
Luc Mbah a Moute,10,6.4,4.1,0.9,10.7,26.0,0,0.0016655413825041887
Omri Casspi,9,7.9,4.0,1.1,13.0,19.6,0,0.0015833387016201562
Marreese Speights,9,7.9,4.1,0.7,16.7,25.8,0,0.0015791559431450758
Jordan Hamilton,4,5.9,2.8,0.8,13.4,3.0,0,0.0015698314465859538
B.J. Johnson,1,3.3,1.1,0.0,12.8,0.1,0,0.0015574269556179823
Bruno Caboclo,4,4.9,2.8,0.9,10.8,1.1,0,0.0015530058094728248
Chuck Hayes,10,3.7,5.0,1.2,12.2,28.8,0,0.0015494573456809873
James Anderson,5,5.8,2.3,1.2,9.9,3.3,0,0.0015489618403467977
Georges Niang,2,2.9,1.2,0.5,10.9,1.0,0,0.0015352084322498506
Tyler Lydon,1,0.9,0.7,0.2,9.1,0.2,0,0.0015286042825537465
Aaron Brooks,10,9.7,1.7,3.0,13.3,19.2,0,0.0015193166207901482
Jordan Mickey,2,2.4,2.0,0.3,10.9,0.5,0,0.001514714182922092
Charlie Villanueva,10,10.4,4.6,0.8,16.0,22.6,0,0.0015126624559335705
Michael Beasley,10,12.4,4.7,1.3,15.6,15.6,0,0.0015119078818850425
Glenn Robinson,4,4.4,2.1,0.6,10.6,4.7,0,0.0015082158216455888
Matt Bonner,11,5.8,3.0,0.7,13.6,38.5,0,0.0014748916056949802
JaVale McGee,10,8.0,5.1,0.4,19.5,31.9,0,0.0014575617384294864
Edy Tavares,1,2.5,2.5,0.3,16.3,0.2,0,0.0014426786125596655
Leandro Barbosa,13,10.6,2.0,2.1,15.1,37.4,0,0.0014347696303895951
Alonzo Gee,7,6.6,3.3,1.1,10.7,9.7,0,0.0014344411031345222
Darius Miller,6,6.0,1.7,1.4,8.4,5.9,0,0.0014309701292070526
Jerryd Bayless,10,8.4,2.1,2.9,12.2,18.6,0,0.0013851492518724361
Jordan McRae,3,4.9,1.2,0.9,12.4,1.0,0,0.0013809044063954326
Tony Bradley,1,2.1,2.2,0.2,15.1,0.1,0,0.0013735130244371804
Miles Plumlee,6,4.9,4.5,0.5,13.7,10.6,0,0.001369359547366828
Lucas Nogueira,3,3.2,2.8,0.5,15.8,6.0,0,0.0013615397405322151
Jarred Vanderbilt,1,1.4,1.4,0.2,12.4,0.1,0,0.001360196962773641
Chris McCullough,2,3.3,1.9,0.3,13.2,0.6,0,0.0013599963775554368
C.J. Wilcox,2,2.0,0.5,0.5,8.8,0.1,0,0.0013129387521376608
Boban Marjanovic,3,6.2,3.9,0.6,26.4,9.7,0,0.0013066317137385769
Elliot Williams,4,4.9,1.5,0.9,9.5,0.7,0,0.0012901350765265277
Anthony Tolliver,10,6.4,3.4,0.9,11.2,25.4,0,0.0012878160363818468
Jameel Warney,1,5.7,3.0,0.0,22.5,0.1,0,0.0012737447552281643
Greg Smith,4,4.0,3.3,0.3,13.8,5.5,0,0.0012679063739907705
Quincy Acy,6,4.9,3.5,0.6,11.2,8.7,0,0.0012648765067360863
Troy Daniels,5,7.0,1.3,0.6,10.6,4.5,0,0.001257861050392485
Ian Clark,5,5.6,1.3,1.2,10.3,4.4,0,0.0012569328078059258
Emanuel Terry,1,3.3,2.3,0.7,19.7,0.1,0,0.0012533343483818499
Jon Leuer,7,6.4,3.8,0.8,14.5,13.2,0,0.0012456135951558261
Tony Allen,13,8.1,3.5,1.3,14.2,38.7,0,0.0012308172302100773
Jarell Eddie,2,2.6,0.9,0.1,10.1,0.2,0,0.0012140489952149264
Jared Cunningham,3,2.3,0.7,0.5,6.8,0.2,0,0.0011842972788949986
R.J. Hunter,3,3.0,1.0,0.4,8.4,0.4,0,0.0011792637166381794
Cliff Alexander,1,1.3,0.8,0.0,11.6,0.0,0,0.001178864755599793
Drew Eubanks,1,1.8,1.5,0.3,15.1,0.3,0,0.0011764170282755955
James Young,3,2.3,1.0,0.3,7.4,0.8,0,0.0011648853046140816
Wayne Ellington,9,8.2,2.2,1.1,11.2,17.8,0,0.0011633592794653698
Robert Williams,1,2.5,2.5,0.2,18.8,1.2,0,0.001161888292921918
Kosta Koufos,10,5.7,5.0,0.5,15.4,28.3,0,0.001161243775489916
Wesley Johnson,8,7.0,3.2,1.1,10.0,10.7,0,0.0011541736327223503
Shayne Whittington,1,2.5,1.5,0.3,16.5,0.4,0,0.0011487870624834451
Sasha Kaun,1,0.9,1.0,0.1,12.5,0.2,0,0.0011042172541721525
Kevin Seraphin,6,5.9,3.5,0.6,12.1,5.9,0,0.0010815858773466323
J.J. Barea,12,9.0,2.1,3.9,14.5,23.1,0,0.0010620608954946848
Brandon Rush,8,6.8,2.9,1.0,9.9,11.2,0,0.0010619185916204902
Xavier Silas,6,2.8,1.5,0.8,-0.7,-0.1,0,0.0010522721430053941
Jordan Loyd,1,2.4,0.8,0.5,16.3,0.2,0,0.0010406601183363593
Eric Moreland,4,1.9,3.7,1.0,13.3,2.3,0,0.0010149274354924547
Mangok Mathiang,1,2.0,2.5,0.0,18.0,0.1,0,0.0009938024440035787
Corey Brewer,11,8.7,2.8,1.5,11.8,22.5,0,0.0009914199659097752
Marcus Derrickson,1,4.2,1.2,0.1,19.4,0.2,0,0.0009626451999877289
Dakari Johnson,1,1.8,1.1,0.3,16.4,0.6,0,0.0009615430053504028
Joel Bolomboy,1,1.7,1.5,0.1,16.4,0.3,0,0.0009420476147707535
Demetrius Jackson,2,1.8,0.7,0.7,13.0,0.2,0,0.0009221600961059283
Christian Wood,3,5.3,2.9,0.3,18.9,1.4,0,0.0009135830520056435
Manny Harris,6,6.2,2.7,1.4,10.7,0.1,0,0.0009072018239113403
Marquis Teague,5,2.4,1.0,1.5,4.9,-0.9,0,0.0008836558777583287
Brice Johnson,1,2.2,1.6,0.1,18.1,0.1,0,0.0008606817976787535
Reggie Williams,7,7.8,2.4,1.5,14.3,6.4,0,0.0008604640514629497
Josh McRoberts,10,5.4,3.9,2.1,13.2,18.5,0,0.0008552093121957145
Thomas Welsh,1,1.6,0.4,0.5,16.1,0.1,0,0.0008450507687739216
Andrew Goudelock,4,4.0,0.7,0.5,8.6,0.0,0,0.0008420937172149084
Kris Humphries,12,6.7,5.4,0.7,15.4,30.3,0,0.0008211496405061336
James Michael McAdoo,3,3.0,1.7,0.3,14.6,2.4,0,0.0008155700548130452
Lorenzo Brown,5,2.8,1.5,1.8,9.0,-0.2,0,0.000804435727034209
Reggie Hearn,1,1.0,0.0,0.0,13.1,0.0,0,0.0008015660462673543
Chris Boucher,1,3.2,2.0,0.1,21.9,0.6,0,0.0007746967808156374
Lance Thomas,7,5.2,2.6,0.7,8.3,5.4,0,0.0007712622045530071
Jeff Withey,4,3.2,2.5,0.3,16.9,6.8,0,0.0007453487599994751
Amile Jefferson,1,2.3,1.8,0.3,21.1,0.4,0,0.0007323806430400771
Jack Cooley,3,2.9,2.4,0.3,15.6,0.5,0,0.000723683376237838
Jordan Farmar,10,7.7,1.9,2.9,13.3,13.9,0,0.0007184395583315704
Nick Young,11,11.4,2.0,1.0,12.9,18.6,0,0.0007077490652992572
David Stockton,3,3.0,0.3,1.5,15.7,0.1,0,0.0006671049239499137
Ike Anigbogu,1,0.9,0.9,0.1,17.0,0.0,0,0.0006616898613669962
Garrett Temple,9,5.9,2.1,1.6,9.5,11.4,0,0.000658597747738239
Kalin Lucas,4,1.0,1.5,0.5,8.0,0.0,0,0.0006536661480614881
MarShon Brooks,7,8.0,2.1,1.4,13.9,3.3,0,0.0006519923109058054
C.J. Miles,13,9.6,2.4,1.1,13.1,30.0,0,0.00063881465737708
Arinze Onuaku,3,1.8,1.8,0.5,14.5,0.2,0,0.0006198159933637092
Luke Babbitt,7,4.8,2.2,0.6,10.1,7.2,0,0.0006107680580152756
Darrell Arthur,9,6.5,3.5,0.8,12.2,12.3,0,0.0006106105958790271
Justin Harper,5,2.0,0.8,0.2,3.6,-0.3,0,0.0006084795830610982
James Nunnally,5,2.9,0.9,0.5,6.6,0.0,0,0.0005980371064649986
Sonny Weems,7,6.5,2.2,1.4,10.1,0.0,0,0.0005943581405778357
Ian Mahinmi,11,5.0,4.3,0.5,12.9,24.7,0,0.0005675123551315404
Jarnell Stokes,2,2.4,1.4,0.3,19.4,0.6,0,0.0005460914134722415
Brandan Wright,10,7.0,3.6,0.5,20.3,26.2,0,0.0005303651992136257
John Jenkins,6,5.0,1.5,0.8,11.7,3.0,0,0.0005272365390482317
Jeff Ayres,6,2.9,2.7,0.4,12.4,6.3,0,0.0005153015700612766
Shaun Livingston,14,6.3,2.4,3.0,12.5,29.9,0,0.0004972153862779812
Kendrick Perkins,14,5.4,5.8,1.0,10.7,27.9,0,0.00047213405807692335
Quincy Pondexter,8,4.5,1.8,0.7,9.8,9.7,0,0.0004588074924198282
DeAndre Liggins,6,2.0,1.4,0.7,7.3,1.6,0,0.00043078970144822345
Ekpe Udoh,8,3.5,2.9,0.7,12.0,10.4,0,0.0004174504521999226
Jimmer Fredette,7,6.0,1.0,1.4,12.5,2.2,0,0.00038870894938609966
Alexis Ajinca,8,5.3,3.9,0.5,14.9,7.5,0,0.0003818560935228192
Cole Aldrich,7,3.1,3.3,0.5,16.6,9.6,0,0.00034908966321279416
Joel Anthony,9,2.2,2.8,0.2,9.7,15.3,0,0.0003466228763493068
Coty Clarke,1,2.0,0.3,0.0,23.9,0.0,0,0.00032424898361532495
Chris Andersen,15,5.4,5.0,0.5,16.7,39.7,0,0.0003033737690692863
Julyan Stone,6,1.1,1.1,1.1,9.5,0.9,0,0.00029876035085580005
Troy Caupain,1,2.5,0.8,1.0,30.7,0.1,0,0.00027380009268319135
D.J. Stephens,5,2.3,1.3,0.0,12.7,0.0,0,0.00026224640101755244
Jeremy Evans,7,3.5,2.6,0.4,17.3,8.2,0,0.000255562137768419
Jason Smith,11,6.1,3.4,0.7,12.9,14.1,0,0.0002525960591638205
Rasual Butler,13,7.5,2.4,0.8,10.6,20.8,0,0.00025145595006511955
Sergio Rodriguez,10,4.9,1.5,3.4,12.4,4.3,0,0.00024835430045213594
Gerald Green,13,9.7,2.5,0.9,13.0,18.4,0,0.0002446657930334772
Ryan Hollins,9,3.7,2.2,0.3,11.0,10.4,0,0.00023563995970160467
Lou Amundson,9,3.7,3.6,0.4,12.0,6.9,0,0.00022592922645033316
Alan Anderson,11,7.3,2.2,1.1,10.3,7.4,0,0.0002065677744203147
Jordan Sibert,1,3.0,0.0,0.0,29.7,0.0,0,0.00019418868775373504
James Jones,13,5.2,1.8,0.5,11.3,25.2,0,0.000180053257266136
Steve Novak,10,4.7,1.3,0.3,12.7,14.5,0,0.00017481082139725652
Sasha Vujacic,12,5.3,1.9,1.3,11.5,16.0,0,0.00017366997483850738
Thanasis Antetokounmpo,1,3.0,0.5,0.0,32.9,0.0,0,0.00015499970330729918
Scott Machado,6,1.8,0.1,0.9,13.7,0.0,0,0.00014957252942206348
Bobby Brown,9,4.4,0.7,1.5,8.9,-1.2,0,0.00013943291743528376
Damien Wilkins,13,6.2,2.3,1.4,11.5,12.1,0,0.00010963722420272875
Ronnie Price,11,3.7,1.2,1.8,9.1,4.0,0,0.00010001085728391997
Nazr Mohammed,17,5.8,4.7,0.4,15.0,34.3,0,9.83566692677753e-05
Vince Hunter,1,1.5,0.8,0.0,35.8,0.0,0,9.533070980953072e-05
Trevon Duval,1,1.7,0.3,0.7,38.3,0.1,0,8.691357804035977e-05
John Lucas III,11,4.7,1.0,1.5,11.8,3.4,0,7.291210896369323e-05
Dahntay Jones,13,5.4,1.7,0.8,9.5,9.9,0,7.056933271076937e-05
